Sentence Counter, Prediction, Ground Truth
counter 0, 0.0, 1
counter 1, 0.0, 0
counter 2, 0.0, 0
counter 3, 0.0, 1
counter 4, 1.0, 1
counter 5, 1.0, 1
counter 6, 1.0, 1
counter 7, 0.0, 1
counter 8, 1.0, 0
counter 9, 1.0, 0
counter 10, 0.0, 1
counter 11, 1.0, 0
counter 12, 1.0, 1
counter 13, 0.0, 0
counter 14, 1.0, 1
counter 15, 0.0, 0
counter 16, 1.0, 1
counter 17, 0.0, 0
counter 18, 0.0, 0
counter 19, 0.0, 0
counter 20, 1.0, 0
counter 21, 0.0, 0
counter 22, 1.0, 1
counter 23, 1.0, 0
counter 24, 1.0, 0
counter 25, 0.0, 0
counter 26, 1.0, 1
counter 27, 1.0, 0
counter 28, 0.0, 1
counter 29, 1.0, 1
counter 30, 1.0, 1
counter 31, 1.0, 0
counter 32, 1.0, 1
counter 33, 1.0, 0
counter 34, 0.0, 0
counter 35, 0.0, 0
counter 36, 1.0, 0
counter 37, 0.0, 1
counter 38, 1.0, 1
counter 39, 1.0, 1
counter 40, 1.0, 0
counter 41, 0.0, 1
counter 42, 1.0, 0
counter 43, 1.0, 1
counter 44, 1.0, 1
counter 45, 1.0, 0
counter 46, 1.0, 0
counter 47, 1.0, 1
counter 48, 1.0, 1
counter 49, 0.0, 1
counter 50, 0.0, 0
counter 51, 1.0, 0
counter 52, 1.0, 0
counter 53, 1.0, 1
counter 54, 1.0, 0
counter 55, 1.0, 1
counter 56, 1.0, 0
counter 57, 1.0, 1
counter 58, 0.0, 1
counter 59, 0.0, 1
counter 60, 1.0, 0
counter 61, 1.0, 1
counter 62, 1.0, 0
counter 63, 1.0, 1
counter 64, 0.0, 1
counter 65, 1.0, 1
counter 66, 1.0, 1
counter 67, 1.0, 1
counter 68, 1.0, 1
counter 69, 1.0, 1
counter 70, 1.0, 0
counter 71, 1.0, 1
counter 72, 1.0, 1
counter 73, 1.0, 0
counter 74, 1.0, 1
counter 75, 1.0, 0
counter 76, 0.0, 1
counter 77, 1.0, 0
counter 78, 0.0, 1
counter 79, 1.0, 1
counter 80, 0.0, 0
counter 81, 0.0, 0
counter 82, 0.0, 1
counter 83, 1.0, 0
counter 84, 1.0, 1
counter 85, 1.0, 1
counter 86, 1.0, 0
counter 87, 1.0, 1
counter 88, 0.0, 0
counter 89, 1.0, 1
counter 90, 1.0, 1
counter 91, 1.0, 0
counter 92, 1.0, 0
counter 93, 1.0, 1
counter 94, 1.0, 1
counter 95, 0.0, 0
counter 96, 1.0, 0
counter 97, 1.0, 0
counter 98, 1.0, 0
counter 99, 1.0, 1
counter 100, 1.0, 1
counter 101, 0.0, 1
counter 102, 1.0, 1
counter 103, 0.0, 0
counter 104, 1.0, 0
counter 105, 1.0, 0
counter 106, 0.0, 1
counter 107, 0.0, 1
counter 108, 0.0, 0
counter 109, 1.0, 1
counter 110, 1.0, 1
counter 111, 0.0, 1
counter 112, 1.0, 1
counter 113, 0.0, 1
counter 114, 0.0, 0
counter 115, 1.0, 0
counter 116, 1.0, 0
counter 117, 1.0, 1
counter 118, 1.0, 0
counter 119, 0.0, 1
counter 120, 1.0, 0
counter 121, 0.0, 0
counter 122, 0.0, 1
counter 123, 1.0, 1
counter 124, 1.0, 0
counter 125, 0.0, 1
counter 126, 0.0, 0
counter 127, 0.0, 0
counter 128, 0.0, 1
counter 129, 0.0, 1
counter 130, 0.0, 1
counter 131, 0.0, 1
counter 132, 0.0, 1
counter 133, 1.0, 1
counter 134, 0.0, 0
counter 135, 0.0, 1
counter 136, 0.0, 0
counter 137, 1.0, 1
counter 138, 1.0, 0
counter 139, 0.0, 1
counter 140, 1.0, 0
counter 141, 1.0, 1
counter 142, 0.0, 0
counter 143, 1.0, 1
counter 144, 1.0, 0
counter 145, 1.0, 1
counter 146, 0.0, 1
counter 147, 0.0, 1
counter 148, 1.0, 1
counter 149, 0.0, 1
counter 150, 1.0, 0
counter 151, 1.0, 1
counter 152, 0.0, 0
counter 153, 1.0, 1
counter 154, 1.0, 1
counter 155, 0.0, 0
counter 156, 0.0, 1
counter 157, 0.0, 0
counter 158, 1.0, 0
counter 159, 0.0, 0
counter 160, 1.0, 0
counter 161, 0.0, 0
counter 162, 1.0, 1
counter 163, 0.0, 0
counter 164, 1.0, 0
counter 165, 1.0, 1
counter 166, 0.0, 0
counter 167, 1.0, 0
counter 168, 1.0, 1
counter 169, 1.0, 1
counter 170, 0.0, 0
counter 171, 0.0, 0
counter 172, 0.0, 0
counter 173, 0.0, 1
counter 174, 1.0, 1
counter 175, 1.0, 0
counter 176, 1.0, 1
counter 177, 1.0, 0
counter 178, 0.0, 1
counter 179, 1.0, 0
counter 180, 0.0, 0
counter 181, 1.0, 0
counter 182, 1.0, 0
counter 183, 1.0, 1
counter 184, 1.0, 0
counter 185, 0.0, 0
counter 186, 1.0, 0
counter 187, 1.0, 1
counter 188, 0.0, 0
counter 189, 0.0, 1
counter 190, 1.0, 0
counter 191, 0.0, 0
counter 192, 1.0, 1
counter 193, 1.0, 1
counter 194, 1.0, 1
counter 195, 1.0, 0
counter 196, 0.0, 0
counter 197, 1.0, 0
counter 198, 1.0, 0
counter 199, 1.0, 1
counter 200, 1.0, 1
counter 201, 1.0, 1
counter 202, 0.0, 0
counter 203, 1.0, 0
counter 204, 0.0, 0
counter 205, 1.0, 1
counter 206, 0.0, 0
counter 207, 1.0, 0
counter 208, 1.0, 1
counter 209, 0.0, 1
counter 210, 1.0, 1
counter 211, 1.0, 1
counter 212, 0.0, 1
counter 213, 1.0, 0
counter 214, 1.0, 1
counter 215, 0.0, 1
counter 216, 0.0, 1
counter 217, 0.0, 1
counter 218, 0.0, 0
counter 219, 1.0, 0
counter 220, 1.0, 0
counter 221, 1.0, 0
counter 222, 1.0, 1
counter 223, 1.0, 1
counter 224, 1.0, 1
counter 225, 1.0, 0
counter 226, 1.0, 0
counter 227, 1.0, 0
counter 228, 0.0, 0
counter 229, 0.0, 1
counter 230, 0.0, 1
counter 231, 0.0, 1
counter 232, 1.0, 0
counter 233, 1.0, 1
counter 234, 1.0, 0
counter 235, 1.0, 0
counter 236, 1.0, 0
counter 237, 0.0, 1
counter 238, 0.0, 1
counter 239, 0.0, 0
counter 240, 1.0, 1
counter 241, 0.0, 0
counter 242, 1.0, 0
counter 243, 0.0, 1
counter 244, 1.0, 0
counter 245, 0.0, 1
counter 246, 0.0, 1
counter 247, 0.0, 1
counter 248, 1.0, 0
counter 249, 1.0, 1
counter 250, 1.0, 1
counter 251, 1.0, 0
counter 252, 0.0, 1
counter 253, 1.0, 0
counter 254, 0.0, 1
counter 255, 0.0, 0
counter 256, 0.0, 1
counter 257, 0.0, 0
counter 258, 1.0, 1
counter 259, 1.0, 0
counter 260, 1.0, 1
counter 261, 1.0, 0
counter 262, 0.0, 1
counter 263, 0.0, 0
counter 264, 1.0, 0
counter 265, 0.0, 0
counter 266, 1.0, 1
counter 267, 1.0, 0
counter 268, 0.0, 1
counter 269, 1.0, 1
counter 270, 1.0, 1
counter 271, 1.0, 1
counter 272, 1.0, 0
counter 273, 0.0, 0
counter 274, 1.0, 0
counter 275, 1.0, 0
counter 276, 1.0, 0
counter 277, 0.0, 0
counter 278, 1.0, 1
counter 279, 0.0, 0
counter 280, 1.0, 1
counter 281, 1.0, 0
counter 282, 1.0, 0
counter 283, 0.0, 0
counter 284, 0.0, 1
counter 285, 0.0, 0
counter 286, 1.0, 1
counter 287, 1.0, 0
counter 288, 1.0, 0
counter 289, 1.0, 0
counter 290, 0.0, 0
counter 291, 1.0, 0
counter 292, 1.0, 0
counter 293, 0.0, 1
counter 294, 1.0, 1
counter 295, 0.0, 1
counter 296, 0.0, 1
counter 297, 1.0, 1
counter 298, 1.0, 0
counter 299, 1.0, 0
counter 300, 1.0, 0
counter 301, 1.0, 0
counter 302, 1.0, 1
counter 303, 0.0, 0
counter 304, 1.0, 0
counter 305, 1.0, 1
counter 306, 1.0, 1
counter 307, 1.0, 0
counter 308, 0.0, 1
counter 309, 1.0, 1
counter 310, 1.0, 1
counter 311, 0.0, 0
counter 312, 1.0, 0
counter 313, 0.0, 1
counter 314, 1.0, 0
counter 315, 1.0, 1
counter 316, 1.0, 1
counter 317, 1.0, 1
counter 318, 1.0, 0
counter 319, 1.0, 1
counter 320, 0.0, 0
counter 321, 0.0, 1
counter 322, 0.0, 1
counter 323, 0.0, 1
counter 324, 0.0, 1
counter 325, 1.0, 1
counter 326, 1.0, 0
counter 327, 1.0, 0
counter 328, 0.0, 0
counter 329, 0.0, 0
counter 330, 1.0, 1
counter 331, 1.0, 1
counter 332, 0.0, 0
counter 333, 1.0, 1
counter 334, 1.0, 0
counter 335, 1.0, 0
counter 336, 1.0, 1
counter 337, 1.0, 0
counter 338, 0.0, 1
counter 339, 0.0, 1
counter 340, 1.0, 0
counter 341, 0.0, 1
counter 342, 0.0, 0
counter 343, 0.0, 1
counter 344, 0.0, 0
counter 345, 0.0, 1
counter 346, 0.0, 1
counter 347, 1.0, 1
counter 348, 0.0, 0
counter 349, 0.0, 1
counter 350, 0.0, 1
counter 351, 0.0, 0
counter 352, 1.0, 0
counter 353, 0.0, 0
counter 354, 1.0, 0
counter 355, 0.0, 1
counter 356, 1.0, 1
counter 357, 0.0, 1
counter 358, 0.0, 1
counter 359, 0.0, 0
counter 360, 0.0, 0
counter 361, 1.0, 1
counter 362, 0.0, 1
counter 363, 1.0, 0
counter 364, 0.0, 0
counter 365, 1.0, 1
counter 366, 1.0, 0
counter 367, 1.0, 0
counter 368, 0.0, 0
counter 369, 1.0, 0
counter 370, 0.0, 1
counter 371, 1.0, 0
counter 372, 1.0, 0
counter 373, 0.0, 0
counter 374, 1.0, 0
counter 375, 0.0, 1
counter 376, 1.0, 1
counter 377, 1.0, 1
counter 378, 1.0, 0
counter 379, 1.0, 0
counter 380, 1.0, 0
counter 381, 1.0, 1
counter 382, 1.0, 0
counter 383, 1.0, 0
counter 384, 0.0, 0
counter 385, 1.0, 0
counter 386, 1.0, 1
counter 387, 1.0, 1
counter 388, 1.0, 0
counter 389, 1.0, 1
counter 390, 0.0, 1
counter 391, 1.0, 0
counter 392, 1.0, 1
counter 393, 1.0, 0
counter 394, 0.0, 0
counter 395, 0.0, 0
counter 396, 1.0, 1
counter 397, 1.0, 0
counter 398, 1.0, 0
counter 399, 0.0, 1
counter 400, 1.0, 0
counter 401, 1.0, 0
counter 402, 0.0, 0
counter 403, 0.0, 0
counter 404, 0.0, 0
counter 405, 1.0, 1
counter 406, 0.0, 0
counter 407, 1.0, 1
counter 408, 0.0, 0
counter 409, 0.0, 0
counter 410, 1.0, 1
counter 411, 1.0, 1
counter 412, 1.0, 0
counter 413, 1.0, 0
counter 414, 1.0, 0
counter 415, 0.0, 0
counter 416, 1.0, 0
counter 417, 0.0, 1
counter 418, 0.0, 1
counter 419, 1.0, 0
counter 420, 0.0, 1
counter 421, 1.0, 0
counter 422, 0.0, 0
counter 423, 1.0, 1
counter 424, 1.0, 0
counter 425, 0.0, 0
counter 426, 0.0, 1
counter 427, 1.0, 1
counter 428, 0.0, 1
counter 429, 1.0, 0
counter 430, 0.0, 0
counter 431, 0.0, 0
counter 432, 1.0, 0
counter 433, 1.0, 0
counter 434, 1.0, 0
counter 435, 0.0, 0
counter 436, 1.0, 1
counter 437, 1.0, 0
counter 438, 1.0, 0
counter 439, 1.0, 0
counter 440, 1.0, 1
counter 441, 1.0, 0
counter 442, 0.0, 0
counter 443, 0.0, 0
counter 444, 0.0, 1
counter 445, 0.0, 1
counter 446, 1.0, 0
counter 447, 1.0, 1
counter 448, 0.0, 0
counter 449, 1.0, 1
counter 450, 1.0, 1
counter 451, 1.0, 1
counter 452, 1.0, 1
counter 453, 0.0, 0
counter 454, 0.0, 1
counter 455, 0.0, 1
counter 456, 0.0, 0
counter 457, 1.0, 0
counter 458, 1.0, 1
counter 459, 0.0, 0
counter 460, 1.0, 0
counter 461, 1.0, 0
counter 462, 0.0, 1
counter 463, 1.0, 1
counter 464, 1.0, 0
counter 465, 0.0, 0
counter 466, 1.0, 1
counter 467, 1.0, 1
counter 468, 1.0, 0
counter 469, 1.0, 0
counter 470, 1.0, 1
counter 471, 1.0, 0
counter 472, 1.0, 0
counter 473, 1.0, 0
counter 474, 0.0, 1
counter 475, 1.0, 0
counter 476, 0.0, 1
counter 477, 1.0, 1
counter 478, 1.0, 1
counter 479, 1.0, 0
counter 480, 1.0, 0
counter 481, 0.0, 1
counter 482, 1.0, 1
counter 483, 1.0, 0
counter 484, 1.0, 1
counter 485, 1.0, 0
counter 486, 0.0, 0
counter 487, 1.0, 0
counter 488, 0.0, 1
counter 489, 1.0, 0
counter 490, 1.0, 1
counter 491, 1.0, 1
counter 492, 1.0, 1
counter 493, 1.0, 1
counter 494, 1.0, 0
counter 495, 0.0, 1
counter 496, 1.0, 0
counter 497, 0.0, 1
counter 498, 1.0, 0
counter 499, 0.0, 1
counter 500, 0.0, 0
counter 501, 1.0, 0
counter 502, 1.0, 1
counter 503, 0.0, 0
counter 504, 1.0, 0
counter 505, 1.0, 0
counter 506, 0.0, 1
counter 507, 1.0, 1
counter 508, 1.0, 1
counter 509, 0.0, 1
counter 510, 0.0, 1
counter 511, 0.0, 0
counter 512, 1.0, 0
counter 513, 1.0, 1
counter 514, 0.0, 1
counter 515, 1.0, 1
counter 516, 1.0, 1
counter 517, 1.0, 1
counter 518, 1.0, 1
counter 519, 1.0, 1
counter 520, 1.0, 1
counter 521, 1.0, 1
counter 522, 0.0, 1
counter 523, 0.0, 0
counter 524, 1.0, 1
counter 525, 1.0, 1
counter 526, 1.0, 1
counter 527, 1.0, 1
counter 528, 1.0, 1
counter 529, 1.0, 1
counter 530, 1.0, 1
counter 531, 1.0, 1
counter 532, 0.0, 1
counter 533, 0.0, 1
counter 534, 1.0, 0
counter 535, 1.0, 1
counter 536, 1.0, 0
counter 537, 1.0, 1
counter 538, 1.0, 0
counter 539, 1.0, 0
counter 540, 0.0, 0
counter 541, 1.0, 0
counter 542, 1.0, 1
counter 543, 0.0, 1
counter 544, 1.0, 1
counter 545, 1.0, 0
counter 546, 1.0, 1
counter 547, 0.0, 0
counter 548, 1.0, 1
counter 549, 1.0, 1
counter 550, 1.0, 0
counter 551, 1.0, 0
counter 552, 1.0, 1
counter 553, 0.0, 0
counter 554, 0.0, 1
counter 555, 1.0, 0
counter 556, 1.0, 1
counter 557, 1.0, 1
counter 558, 0.0, 0
counter 559, 0.0, 1
counter 560, 1.0, 0
counter 561, 1.0, 0
counter 562, 1.0, 0
counter 563, 0.0, 1
counter 564, 0.0, 1
counter 565, 1.0, 1
counter 566, 1.0, 0
counter 567, 1.0, 0
counter 568, 0.0, 1
counter 569, 1.0, 0
counter 570, 1.0, 0
counter 571, 1.0, 1
counter 572, 1.0, 1
counter 573, 1.0, 0
counter 574, 1.0, 1
counter 575, 1.0, 1
counter 576, 1.0, 0
counter 577, 1.0, 1
counter 578, 0.0, 1
counter 579, 0.0, 1
counter 580, 1.0, 1
counter 581, 0.0, 1
counter 582, 1.0, 0
counter 583, 0.0, 0
counter 584, 1.0, 0
counter 585, 0.0, 1
counter 586, 1.0, 0
counter 587, 0.0, 1
counter 588, 0.0, 1
counter 589, 0.0, 0
counter 590, 0.0, 1
counter 591, 1.0, 0
counter 592, 1.0, 1
counter 593, 0.0, 0
counter 594, 0.0, 1
counter 595, 0.0, 1
counter 596, 1.0, 0
counter 597, 1.0, 0
counter 598, 1.0, 0
counter 599, 1.0, 1
counter 600, 0.0, 1
counter 601, 1.0, 1
counter 602, 1.0, 1
counter 603, 0.0, 0
counter 604, 1.0, 1
counter 605, 0.0, 0
counter 606, 1.0, 0
counter 607, 0.0, 0
counter 608, 0.0, 0
counter 609, 1.0, 0
counter 610, 1.0, 0
counter 611, 0.0, 0
counter 612, 0.0, 1
counter 613, 1.0, 0
counter 614, 1.0, 1
counter 615, 0.0, 1
counter 616, 1.0, 1
counter 617, 1.0, 1
counter 618, 0.0, 0
counter 619, 1.0, 1
counter 620, 1.0, 0
counter 621, 0.0, 0
counter 622, 1.0, 0
counter 623, 1.0, 0
counter 624, 1.0, 0
counter 625, 1.0, 1
counter 626, 0.0, 0
counter 627, 1.0, 1
counter 628, 0.0, 0
counter 629, 1.0, 1
counter 630, 1.0, 1
counter 631, 0.0, 0
counter 632, 1.0, 1
counter 633, 0.0, 0
counter 634, 0.0, 1
counter 635, 1.0, 0
counter 636, 1.0, 1
counter 637, 1.0, 1
counter 638, 0.0, 1
counter 639, 1.0, 1
counter 640, 0.0, 0
counter 641, 1.0, 0
counter 642, 0.0, 0
counter 643, 0.0, 0
counter 644, 0.0, 1
counter 645, 1.0, 1
counter 646, 0.0, 1
counter 647, 1.0, 0
counter 648, 1.0, 0
counter 649, 1.0, 1
counter 650, 1.0, 0
counter 651, 0.0, 1
counter 652, 0.0, 0
counter 653, 1.0, 1
counter 654, 1.0, 0
counter 655, 0.0, 1
counter 656, 0.0, 1
counter 657, 1.0, 1
counter 658, 0.0, 1
counter 659, 1.0, 0
counter 660, 0.0, 0
counter 661, 0.0, 1
counter 662, 0.0, 1
counter 663, 0.0, 1
counter 664, 0.0, 0
counter 665, 0.0, 1
counter 666, 1.0, 0
counter 667, 0.0, 0
counter 668, 0.0, 1
counter 669, 0.0, 1
counter 670, 1.0, 0
counter 671, 1.0, 0
counter 672, 0.0, 0
counter 673, 1.0, 0
counter 674, 1.0, 1
counter 675, 0.0, 1
counter 676, 1.0, 0
counter 677, 0.0, 0
counter 678, 0.0, 0
counter 679, 1.0, 0
counter 680, 1.0, 0
counter 681, 1.0, 1
counter 682, 1.0, 1
counter 683, 1.0, 0
counter 684, 1.0, 1
counter 685, 1.0, 0
counter 686, 1.0, 1
counter 687, 1.0, 0
counter 688, 1.0, 0
counter 689, 0.0, 1
counter 690, 1.0, 1
counter 691, 1.0, 0
counter 692, 0.0, 0
counter 693, 1.0, 1
counter 694, 1.0, 1
counter 695, 1.0, 1
counter 696, 0.0, 1
counter 697, 0.0, 0
counter 698, 0.0, 0
counter 699, 0.0, 0
counter 700, 1.0, 0
counter 701, 1.0, 1
counter 702, 1.0, 1
counter 703, 1.0, 1
counter 704, 1.0, 0
counter 705, 1.0, 0
counter 706, 1.0, 1
counter 707, 1.0, 0
counter 708, 0.0, 1
counter 709, 1.0, 1
counter 710, 0.0, 0
counter 711, 1.0, 0
counter 712, 1.0, 0
counter 713, 1.0, 1
counter 714, 1.0, 1
counter 715, 1.0, 1
counter 716, 1.0, 1
counter 717, 1.0, 1
counter 718, 1.0, 0
counter 719, 0.0, 1
counter 720, 0.0, 1
counter 721, 0.0, 0
counter 722, 1.0, 0
counter 723, 0.0, 1
counter 724, 0.0, 0
counter 725, 1.0, 0
counter 726, 0.0, 1
counter 727, 1.0, 1
counter 728, 1.0, 1
counter 729, 0.0, 0
counter 730, 0.0, 0
counter 731, 1.0, 0
counter 732, 1.0, 1
counter 733, 1.0, 0
counter 734, 1.0, 0
counter 735, 0.0, 0
counter 736, 1.0, 0
counter 737, 1.0, 1
counter 738, 1.0, 0
counter 739, 1.0, 1
counter 740, 1.0, 0
counter 741, 1.0, 0
counter 742, 1.0, 1
counter 743, 1.0, 1
counter 744, 0.0, 1
counter 745, 1.0, 1
counter 746, 1.0, 0
counter 747, 0.0, 1
counter 748, 1.0, 1
counter 749, 1.0, 1
counter 750, 1.0, 1
counter 751, 1.0, 0
counter 752, 1.0, 0
counter 753, 0.0, 1
counter 754, 1.0, 0
counter 755, 0.0, 0
counter 756, 0.0, 1
counter 757, 1.0, 0
counter 758, 1.0, 1
counter 759, 1.0, 1
counter 760, 0.0, 0
counter 761, 1.0, 1
counter 762, 0.0, 0
counter 763, 1.0, 1
counter 764, 1.0, 1
counter 765, 1.0, 1
counter 766, 0.0, 1
counter 767, 1.0, 0
counter 768, 0.0, 1
counter 769, 1.0, 0
counter 770, 1.0, 0
counter 771, 1.0, 1
counter 772, 1.0, 0
counter 773, 0.0, 0
counter 774, 0.0, 0
counter 775, 1.0, 1
counter 776, 1.0, 0
counter 777, 1.0, 0
counter 778, 1.0, 0
counter 779, 0.0, 1
counter 780, 0.0, 0
counter 781, 1.0, 0
counter 782, 1.0, 1
counter 783, 1.0, 1
counter 784, 1.0, 1
counter 785, 0.0, 1
counter 786, 1.0, 1
counter 787, 1.0, 0
counter 788, 1.0, 1
counter 789, 1.0, 1
counter 790, 1.0, 1
counter 791, 1.0, 1
counter 792, 1.0, 0
counter 793, 0.0, 0
counter 794, 1.0, 1
counter 795, 0.0, 1
counter 796, 0.0, 0
counter 797, 1.0, 1
counter 798, 0.0, 0
counter 799, 0.0, 1
counter 800, 1.0, 1
counter 801, 0.0, 1
counter 802, 1.0, 1
counter 803, 1.0, 0
counter 804, 0.0, 0
counter 805, 0.0, 0
counter 806, 0.0, 1
counter 807, 1.0, 0
counter 808, 1.0, 0
counter 809, 1.0, 0
counter 810, 0.0, 1
counter 811, 1.0, 0
counter 812, 1.0, 1
counter 813, 1.0, 0
counter 814, 1.0, 0
counter 815, 1.0, 1
counter 816, 1.0, 0
counter 817, 1.0, 0
counter 818, 1.0, 1
counter 819, 1.0, 0
counter 820, 0.0, 1
counter 821, 0.0, 0
counter 822, 1.0, 1
counter 823, 0.0, 0
counter 824, 0.0, 1
counter 825, 1.0, 1
counter 826, 1.0, 0
counter 827, 1.0, 0
counter 828, 0.0, 1
counter 829, 0.0, 1
counter 830, 1.0, 1
counter 831, 1.0, 0
counter 832, 1.0, 1
counter 833, 1.0, 1
counter 834, 0.0, 0
counter 835, 1.0, 0
counter 836, 0.0, 1
counter 837, 0.0, 1
counter 838, 0.0, 0
counter 839, 0.0, 0
counter 840, 0.0, 0
counter 841, 1.0, 1
counter 842, 0.0, 0
counter 843, 1.0, 0
counter 844, 0.0, 0
counter 845, 1.0, 1
counter 846, 0.0, 1
counter 847, 0.0, 0
counter 848, 0.0, 1
counter 849, 0.0, 1
counter 850, 1.0, 1
counter 851, 1.0, 0
counter 852, 1.0, 1
counter 853, 0.0, 1
counter 854, 0.0, 1
counter 855, 1.0, 0
counter 856, 0.0, 1
counter 857, 1.0, 0
counter 858, 1.0, 0
counter 859, 0.0, 1
counter 860, 1.0, 1
counter 861, 1.0, 0
counter 862, 0.0, 1
counter 863, 1.0, 0
counter 864, 0.0, 1
counter 865, 0.0, 1
counter 866, 1.0, 0
counter 867, 1.0, 0
counter 868, 1.0, 0
counter 869, 1.0, 1
counter 870, 0.0, 0
counter 871, 1.0, 1
counter 872, 1.0, 0
counter 873, 1.0, 1
counter 874, 1.0, 1
counter 875, 1.0, 0
counter 876, 1.0, 0
counter 877, 0.0, 0
counter 878, 1.0, 0
counter 879, 1.0, 0
counter 880, 0.0, 1
counter 881, 0.0, 1
counter 882, 1.0, 1
counter 883, 0.0, 1
counter 884, 1.0, 1
counter 885, 1.0, 0
counter 886, 1.0, 1
counter 887, 1.0, 1
counter 888, 0.0, 0
counter 889, 0.0, 0
counter 890, 1.0, 0
counter 891, 1.0, 0
counter 892, 1.0, 1
counter 893, 0.0, 1
counter 894, 0.0, 0
counter 895, 1.0, 1
counter 896, 1.0, 0
counter 897, 0.0, 1
counter 898, 1.0, 1
counter 899, 1.0, 0
counter 900, 0.0, 1
counter 901, 0.0, 1
counter 902, 1.0, 0
counter 903, 1.0, 1
counter 904, 1.0, 1
counter 905, 1.0, 0
counter 906, 1.0, 0
counter 907, 1.0, 0
counter 908, 1.0, 1
counter 909, 1.0, 1
counter 910, 0.0, 1
counter 911, 0.0, 1
counter 912, 0.0, 0
counter 913, 1.0, 1
counter 914, 1.0, 1
counter 915, 1.0, 1
counter 916, 1.0, 1
counter 917, 0.0, 1
counter 918, 1.0, 1
counter 919, 1.0, 1
counter 920, 0.0, 0
counter 921, 1.0, 0
counter 922, 0.0, 1
counter 923, 0.0, 1
counter 924, 1.0, 0
counter 925, 1.0, 1
counter 926, 1.0, 1
counter 927, 1.0, 0
counter 928, 1.0, 1
counter 929, 0.0, 0
counter 930, 1.0, 0
counter 931, 0.0, 0
counter 932, 1.0, 1
counter 933, 1.0, 0
counter 934, 1.0, 1
counter 935, 1.0, 1
counter 936, 0.0, 0
counter 937, 1.0, 1
counter 938, 1.0, 0
counter 939, 1.0, 1
counter 940, 1.0, 0
counter 941, 1.0, 1
counter 942, 0.0, 0
counter 943, 0.0, 0
counter 944, 1.0, 0
counter 945, 1.0, 1
counter 946, 1.0, 1
counter 947, 1.0, 0
counter 948, 0.0, 0
counter 949, 0.0, 0
counter 950, 1.0, 1
counter 951, 0.0, 1
counter 952, 1.0, 0
counter 953, 0.0, 0
counter 954, 1.0, 1
counter 955, 0.0, 1
counter 956, 0.0, 0
counter 957, 1.0, 1
counter 958, 0.0, 0
counter 959, 1.0, 0
counter 960, 0.0, 0
counter 961, 0.0, 1
counter 962, 1.0, 0
counter 963, 1.0, 0
counter 964, 1.0, 0
counter 965, 0.0, 1
counter 966, 1.0, 0
counter 967, 1.0, 1
counter 968, 0.0, 0
counter 969, 0.0, 1
counter 970, 0.0, 0
counter 971, 0.0, 1
counter 972, 0.0, 1
counter 973, 1.0, 0
counter 974, 1.0, 0
counter 975, 0.0, 0
counter 976, 1.0, 0
counter 977, 1.0, 1
counter 978, 0.0, 0
counter 979, 0.0, 0
counter 980, 1.0, 1
counter 981, 1.0, 1
counter 982, 1.0, 1
counter 983, 0.0, 1
counter 984, 1.0, 1
counter 985, 0.0, 0
counter 986, 0.0, 0
counter 987, 1.0, 1
counter 988, 1.0, 1
counter 989, 1.0, 0
counter 990, 1.0, 0
counter 991, 1.0, 1
counter 992, 1.0, 1
counter 993, 0.0, 0
counter 994, 1.0, 0
counter 995, 0.0, 0
counter 996, 0.0, 1
counter 997, 0.0, 0
counter 998, 0.0, 1
counter 999, 1.0, 0
counter 1000, 0.0, 0
counter 1001, 1.0, 0
counter 1002, 1.0, 1
counter 1003, 0.0, 0
counter 1004, 1.0, 1
counter 1005, 1.0, 1
counter 1006, 0.0, 0
counter 1007, 1.0, 0
counter 1008, 1.0, 1
counter 1009, 1.0, 0
counter 1010, 1.0, 0
counter 1011, 1.0, 1
counter 1012, 1.0, 0
counter 1013, 1.0, 0
counter 1014, 1.0, 1
counter 1015, 1.0, 1
counter 1016, 0.0, 0
counter 1017, 1.0, 1
counter 1018, 1.0, 1
counter 1019, 0.0, 1
counter 1020, 1.0, 0
counter 1021, 1.0, 0
counter 1022, 0.0, 0
counter 1023, 0.0, 0
counter 1024, 1.0, 1
counter 1025, 1.0, 0
counter 1026, 1.0, 0
counter 1027, 1.0, 0
counter 1028, 1.0, 0
counter 1029, 1.0, 0
counter 1030, 1.0, 0
counter 1031, 1.0, 0
counter 1032, 1.0, 1
counter 1033, 1.0, 0
counter 1034, 1.0, 1
counter 1035, 0.0, 1
counter 1036, 1.0, 1
counter 1037, 1.0, 1
counter 1038, 0.0, 0
counter 1039, 1.0, 1
counter 1040, 0.0, 1
counter 1041, 0.0, 0
counter 1042, 1.0, 1
counter 1043, 1.0, 0
counter 1044, 1.0, 1
counter 1045, 1.0, 1
counter 1046, 1.0, 1
counter 1047, 0.0, 0
counter 1048, 1.0, 0
counter 1049, 0.0, 0
counter 1050, 1.0, 1
counter 1051, 0.0, 0
counter 1052, 1.0, 1
counter 1053, 1.0, 1
counter 1054, 0.0, 1
counter 1055, 1.0, 0
counter 1056, 0.0, 0
counter 1057, 0.0, 1
counter 1058, 1.0, 1
counter 1059, 1.0, 1
counter 1060, 1.0, 0
counter 1061, 1.0, 1
counter 1062, 1.0, 0
counter 1063, 0.0, 1
counter 1064, 0.0, 1
counter 1065, 0.0, 1
counter 1066, 1.0, 1
counter 1067, 0.0, 0
counter 1068, 1.0, 0
counter 1069, 1.0, 1
counter 1070, 1.0, 1
counter 1071, 1.0, 0
counter 1072, 1.0, 0
counter 1073, 1.0, 1
counter 1074, 0.0, 0
counter 1075, 1.0, 1
counter 1076, 1.0, 1
counter 1077, 1.0, 0
counter 1078, 1.0, 0
counter 1079, 1.0, 0
counter 1080, 1.0, 1
counter 1081, 1.0, 0
counter 1082, 1.0, 0
counter 1083, 0.0, 1
counter 1084, 1.0, 1
counter 1085, 1.0, 1
counter 1086, 1.0, 1
counter 1087, 1.0, 1
counter 1088, 0.0, 1
counter 1089, 1.0, 1
counter 1090, 1.0, 1
counter 1091, 0.0, 1
counter 1092, 1.0, 1
counter 1093, 0.0, 1
counter 1094, 1.0, 1
counter 1095, 0.0, 1
counter 1096, 1.0, 1
counter 1097, 0.0, 0
counter 1098, 0.0, 1
counter 1099, 0.0, 1
counter 1100, 0.0, 1
counter 1101, 1.0, 0
counter 1102, 1.0, 1
counter 1103, 1.0, 1
counter 1104, 1.0, 0
counter 1105, 0.0, 1
counter 1106, 1.0, 1
counter 1107, 1.0, 1
counter 1108, 1.0, 0
counter 1109, 0.0, 0
counter 1110, 1.0, 1
counter 1111, 1.0, 0
counter 1112, 1.0, 1
counter 1113, 1.0, 0
counter 1114, 1.0, 0
counter 1115, 1.0, 1
counter 1116, 1.0, 1
counter 1117, 1.0, 1
counter 1118, 0.0, 0
counter 1119, 1.0, 1
counter 1120, 1.0, 0
counter 1121, 0.0, 0
counter 1122, 1.0, 1
counter 1123, 1.0, 1
counter 1124, 1.0, 0
counter 1125, 1.0, 1
counter 1126, 1.0, 0
counter 1127, 0.0, 1
counter 1128, 1.0, 0
counter 1129, 0.0, 0
counter 1130, 1.0, 0
counter 1131, 1.0, 1
counter 1132, 1.0, 1
counter 1133, 0.0, 0
counter 1134, 0.0, 1
counter 1135, 1.0, 1
counter 1136, 1.0, 1
counter 1137, 0.0, 0
counter 1138, 0.0, 0
counter 1139, 1.0, 0
counter 1140, 1.0, 1
counter 1141, 0.0, 0
counter 1142, 1.0, 0
counter 1143, 1.0, 1
counter 1144, 0.0, 1
counter 1145, 0.0, 1
counter 1146, 0.0, 0
counter 1147, 1.0, 1
counter 1148, 1.0, 0
counter 1149, 0.0, 1
counter 1150, 0.0, 0
counter 1151, 1.0, 1
counter 1152, 0.0, 1
counter 1153, 1.0, 0
counter 1154, 1.0, 0
counter 1155, 1.0, 1
counter 1156, 0.0, 0
counter 1157, 0.0, 1
counter 1158, 0.0, 1
counter 1159, 0.0, 0
counter 1160, 1.0, 1
counter 1161, 0.0, 0
counter 1162, 0.0, 0
counter 1163, 1.0, 0
counter 1164, 0.0, 0
counter 1165, 1.0, 1
counter 1166, 0.0, 1
counter 1167, 1.0, 0
counter 1168, 0.0, 1
counter 1169, 0.0, 0
counter 1170, 0.0, 1
counter 1171, 1.0, 0
counter 1172, 1.0, 0
counter 1173, 1.0, 0
counter 1174, 1.0, 1
counter 1175, 0.0, 1
counter 1176, 0.0, 0
counter 1177, 1.0, 0
counter 1178, 1.0, 0
counter 1179, 1.0, 0
counter 1180, 1.0, 1
counter 1181, 1.0, 0
counter 1182, 0.0, 0
counter 1183, 0.0, 1
counter 1184, 0.0, 1
counter 1185, 1.0, 1
counter 1186, 1.0, 1
counter 1187, 1.0, 0
counter 1188, 1.0, 1
counter 1189, 0.0, 0
counter 1190, 1.0, 1
counter 1191, 1.0, 0
counter 1192, 1.0, 0
counter 1193, 1.0, 0
counter 1194, 0.0, 1
counter 1195, 1.0, 1
counter 1196, 0.0, 1
counter 1197, 1.0, 0
counter 1198, 1.0, 1
counter 1199, 1.0, 0
counter 1200, 1.0, 0
counter 1201, 0.0, 0
counter 1202, 0.0, 1
counter 1203, 1.0, 0
counter 1204, 1.0, 1
counter 1205, 1.0, 1
counter 1206, 1.0, 1
counter 1207, 1.0, 0
counter 1208, 1.0, 1
counter 1209, 0.0, 1
counter 1210, 1.0, 0
counter 1211, 1.0, 1
counter 1212, 1.0, 1
counter 1213, 1.0, 0
counter 1214, 1.0, 0
counter 1215, 1.0, 1
counter 1216, 1.0, 1
counter 1217, 0.0, 1
counter 1218, 0.0, 0
counter 1219, 0.0, 1
counter 1220, 1.0, 0
counter 1221, 0.0, 1
counter 1222, 1.0, 0
counter 1223, 0.0, 0
counter 1224, 0.0, 1
counter 1225, 0.0, 1
counter 1226, 0.0, 1
counter 1227, 1.0, 0
counter 1228, 1.0, 1
counter 1229, 0.0, 0
counter 1230, 0.0, 0
counter 1231, 1.0, 1
counter 1232, 1.0, 0
counter 1233, 1.0, 0
counter 1234, 1.0, 1
counter 1235, 0.0, 1
counter 1236, 0.0, 1
counter 1237, 1.0, 1
counter 1238, 1.0, 1
counter 1239, 1.0, 1
counter 1240, 1.0, 0
counter 1241, 0.0, 0
counter 1242, 1.0, 0
counter 1243, 0.0, 0
counter 1244, 0.0, 0
counter 1245, 0.0, 0
counter 1246, 1.0, 0
counter 1247, 1.0, 0
counter 1248, 1.0, 0
counter 1249, 0.0, 1
counter 1250, 1.0, 1
counter 1251, 1.0, 0
counter 1252, 1.0, 1
counter 1253, 1.0, 1
counter 1254, 1.0, 0
counter 1255, 1.0, 1
counter 1256, 1.0, 1
counter 1257, 1.0, 0
counter 1258, 0.0, 1
counter 1259, 1.0, 1
counter 1260, 1.0, 0
counter 1261, 1.0, 1
counter 1262, 1.0, 1
counter 1263, 1.0, 0
counter 1264, 0.0, 0
counter 1265, 1.0, 1
counter 1266, 1.0, 1
counter 1267, 1.0, 1
counter 1268, 1.0, 0
counter 1269, 1.0, 1
counter 1270, 0.0, 1
counter 1271, 0.0, 1
counter 1272, 1.0, 0
counter 1273, 1.0, 1
counter 1274, 0.0, 0
counter 1275, 1.0, 1
counter 1276, 0.0, 1
counter 1277, 1.0, 1
counter 1278, 1.0, 0
counter 1279, 1.0, 0
counter 1280, 1.0, 0
counter 1281, 1.0, 0
counter 1282, 1.0, 1
counter 1283, 1.0, 0
counter 1284, 0.0, 0
counter 1285, 0.0, 1
counter 1286, 0.0, 0
counter 1287, 1.0, 1
counter 1288, 0.0, 0
counter 1289, 1.0, 1
counter 1290, 1.0, 0
counter 1291, 0.0, 1
counter 1292, 0.0, 1
counter 1293, 0.0, 0
counter 1294, 1.0, 0
counter 1295, 1.0, 1
counter 1296, 1.0, 1
counter 1297, 1.0, 1
counter 1298, 1.0, 0
counter 1299, 0.0, 1
counter 1300, 0.0, 0
counter 1301, 0.0, 0
counter 1302, 1.0, 1
counter 1303, 0.0, 0
counter 1304, 1.0, 1
counter 1305, 0.0, 1
counter 1306, 1.0, 0
counter 1307, 0.0, 0
counter 1308, 1.0, 0
counter 1309, 1.0, 0
counter 1310, 1.0, 0
counter 1311, 0.0, 0
counter 1312, 1.0, 0
counter 1313, 0.0, 0
counter 1314, 1.0, 0
counter 1315, 1.0, 0
counter 1316, 0.0, 1
counter 1317, 0.0, 1
counter 1318, 1.0, 1
counter 1319, 1.0, 0
counter 1320, 0.0, 1
counter 1321, 1.0, 0
counter 1322, 1.0, 0
counter 1323, 0.0, 1
counter 1324, 1.0, 0
counter 1325, 1.0, 1
counter 1326, 0.0, 0
counter 1327, 1.0, 1
counter 1328, 0.0, 0
counter 1329, 1.0, 0
counter 1330, 0.0, 0
counter 1331, 1.0, 0
counter 1332, 0.0, 1
counter 1333, 1.0, 1
counter 1334, 0.0, 0
counter 1335, 0.0, 0
counter 1336, 1.0, 1
counter 1337, 0.0, 1
counter 1338, 0.0, 0
counter 1339, 1.0, 1
counter 1340, 0.0, 0
counter 1341, 1.0, 1
counter 1342, 1.0, 1
counter 1343, 1.0, 0
counter 1344, 1.0, 0
counter 1345, 0.0, 1
counter 1346, 1.0, 1
counter 1347, 1.0, 1
counter 1348, 1.0, 0
counter 1349, 1.0, 1
counter 1350, 1.0, 0
counter 1351, 0.0, 0
counter 1352, 0.0, 1
counter 1353, 0.0, 0
counter 1354, 1.0, 0
counter 1355, 1.0, 0
counter 1356, 0.0, 1
counter 1357, 1.0, 1
counter 1358, 1.0, 0
counter 1359, 1.0, 0
counter 1360, 0.0, 1
counter 1361, 0.0, 0
counter 1362, 1.0, 0
counter 1363, 1.0, 1
counter 1364, 1.0, 1
counter 1365, 1.0, 1
counter 1366, 1.0, 1
counter 1367, 1.0, 0
counter 1368, 0.0, 1
counter 1369, 0.0, 0
counter 1370, 1.0, 0
counter 1371, 1.0, 1
counter 1372, 0.0, 1
counter 1373, 0.0, 0
counter 1374, 1.0, 0
counter 1375, 0.0, 0
counter 1376, 0.0, 1
counter 1377, 1.0, 1
counter 1378, 0.0, 1
counter 1379, 1.0, 0
counter 1380, 1.0, 0
counter 1381, 1.0, 1
counter 1382, 1.0, 0
counter 1383, 1.0, 0
counter 1384, 1.0, 1
counter 1385, 1.0, 1
counter 1386, 0.0, 0
counter 1387, 1.0, 0
counter 1388, 0.0, 0
counter 1389, 0.0, 1
counter 1390, 1.0, 0
counter 1391, 1.0, 0
counter 1392, 1.0, 1
counter 1393, 1.0, 0
counter 1394, 0.0, 0
counter 1395, 0.0, 0
counter 1396, 0.0, 1
counter 1397, 0.0, 1
counter 1398, 0.0, 0
counter 1399, 1.0, 1
counter 1400, 1.0, 0
counter 1401, 0.0, 0
counter 1402, 0.0, 0
counter 1403, 0.0, 0
counter 1404, 1.0, 0
counter 1405, 1.0, 1
counter 1406, 1.0, 1
counter 1407, 1.0, 1
counter 1408, 1.0, 0
counter 1409, 1.0, 0
counter 1410, 0.0, 1
counter 1411, 0.0, 1
counter 1412, 0.0, 1
counter 1413, 0.0, 0
counter 1414, 0.0, 1
counter 1415, 1.0, 1
counter 1416, 1.0, 1
counter 1417, 0.0, 0
counter 1418, 1.0, 1
counter 1419, 1.0, 1
counter 1420, 1.0, 0
counter 1421, 1.0, 0
counter 1422, 1.0, 1
counter 1423, 0.0, 1
counter 1424, 1.0, 0
counter 1425, 1.0, 1
counter 1426, 0.0, 0
counter 1427, 0.0, 0
counter 1428, 1.0, 0
counter 1429, 0.0, 0
counter 1430, 1.0, 0
counter 1431, 0.0, 1
counter 1432, 0.0, 0
counter 1433, 1.0, 0
counter 1434, 0.0, 0
counter 1435, 1.0, 0
counter 1436, 0.0, 1
counter 1437, 1.0, 1
counter 1438, 1.0, 1
counter 1439, 0.0, 0
counter 1440, 1.0, 1
counter 1441, 0.0, 1
counter 1442, 1.0, 0
counter 1443, 0.0, 0
counter 1444, 1.0, 0
counter 1445, 1.0, 0
counter 1446, 0.0, 0
counter 1447, 1.0, 1
counter 1448, 1.0, 1
counter 1449, 1.0, 1
counter 1450, 1.0, 0
counter 1451, 0.0, 0
counter 1452, 1.0, 1
counter 1453, 1.0, 0
counter 1454, 1.0, 1
counter 1455, 1.0, 0
counter 1456, 1.0, 1
counter 1457, 0.0, 1
counter 1458, 1.0, 0
counter 1459, 1.0, 0
counter 1460, 0.0, 0
counter 1461, 1.0, 1
counter 1462, 1.0, 0
counter 1463, 1.0, 1
counter 1464, 0.0, 0
counter 1465, 0.0, 1
counter 1466, 1.0, 1
counter 1467, 0.0, 1
counter 1468, 0.0, 0
counter 1469, 0.0, 0
counter 1470, 1.0, 0
counter 1471, 0.0, 0
counter 1472, 0.0, 1
counter 1473, 0.0, 0
counter 1474, 1.0, 0
counter 1475, 1.0, 1
counter 1476, 0.0, 1
counter 1477, 0.0, 1
counter 1478, 0.0, 0
counter 1479, 1.0, 0
counter 1480, 1.0, 1
counter 1481, 0.0, 0
counter 1482, 1.0, 1
counter 1483, 1.0, 1
counter 1484, 0.0, 0
counter 1485, 1.0, 0
counter 1486, 0.0, 0
counter 1487, 1.0, 1
counter 1488, 1.0, 1
counter 1489, 1.0, 0
counter 1490, 1.0, 0
counter 1491, 1.0, 0
counter 1492, 0.0, 1
counter 1493, 1.0, 1
counter 1494, 1.0, 1
counter 1495, 1.0, 0
counter 1496, 0.0, 1
counter 1497, 1.0, 0
counter 1498, 0.0, 0
counter 1499, 1.0, 0
counter 1500, 1.0, 1
counter 1501, 1.0, 0
counter 1502, 1.0, 1
counter 1503, 1.0, 0
counter 1504, 1.0, 0
counter 1505, 1.0, 0
counter 1506, 0.0, 0
counter 1507, 1.0, 1
counter 1508, 0.0, 0
counter 1509, 1.0, 0
counter 1510, 1.0, 0
counter 1511, 1.0, 0
counter 1512, 0.0, 1
counter 1513, 1.0, 0
counter 1514, 1.0, 1
counter 1515, 1.0, 0
counter 1516, 1.0, 0
counter 1517, 0.0, 1
counter 1518, 1.0, 1
counter 1519, 1.0, 1
counter 1520, 0.0, 0
counter 1521, 1.0, 1
counter 1522, 1.0, 0
counter 1523, 1.0, 0
counter 1524, 1.0, 0
counter 1525, 0.0, 1
counter 1526, 0.0, 1
counter 1527, 0.0, 1
counter 1528, 0.0, 0
counter 1529, 1.0, 0
counter 1530, 1.0, 0
counter 1531, 1.0, 1
counter 1532, 0.0, 0
counter 1533, 1.0, 1
counter 1534, 1.0, 1
counter 1535, 1.0, 1
counter 1536, 0.0, 1
counter 1537, 0.0, 1
counter 1538, 1.0, 0
counter 1539, 1.0, 1
counter 1540, 1.0, 0
counter 1541, 1.0, 1
counter 1542, 0.0, 0
counter 1543, 0.0, 1
counter 1544, 1.0, 0
counter 1545, 1.0, 1
counter 1546, 1.0, 1
counter 1547, 1.0, 0
counter 1548, 1.0, 0
counter 1549, 1.0, 0
counter 1550, 0.0, 0
counter 1551, 0.0, 1
counter 1552, 1.0, 1
counter 1553, 0.0, 1
counter 1554, 1.0, 0
counter 1555, 0.0, 0
counter 1556, 0.0, 0
counter 1557, 1.0, 0
counter 1558, 1.0, 1
counter 1559, 1.0, 1
counter 1560, 0.0, 0
counter 1561, 0.0, 1
counter 1562, 1.0, 1
counter 1563, 1.0, 1
counter 1564, 0.0, 0
counter 1565, 0.0, 1
counter 1566, 1.0, 0
counter 1567, 0.0, 0
counter 1568, 1.0, 0
counter 1569, 1.0, 0
counter 1570, 0.0, 0
counter 1571, 1.0, 1
counter 1572, 1.0, 1
counter 1573, 1.0, 0
counter 1574, 0.0, 0
counter 1575, 1.0, 1
counter 1576, 1.0, 0
counter 1577, 1.0, 1
counter 1578, 1.0, 0
counter 1579, 0.0, 0
counter 1580, 0.0, 1
counter 1581, 0.0, 1
counter 1582, 1.0, 1
counter 1583, 1.0, 1
counter 1584, 0.0, 0
counter 1585, 1.0, 1
counter 1586, 1.0, 0
counter 1587, 0.0, 0
counter 1588, 0.0, 1
counter 1589, 0.0, 0
counter 1590, 1.0, 0
counter 1591, 1.0, 1
counter 1592, 1.0, 1
counter 1593, 1.0, 1
counter 1594, 1.0, 0
counter 1595, 1.0, 0
counter 1596, 1.0, 1
counter 1597, 0.0, 1
counter 1598, 0.0, 1
counter 1599, 1.0, 1
counter 1600, 1.0, 0
counter 1601, 1.0, 0
counter 1602, 1.0, 0
counter 1603, 0.0, 0
counter 1604, 1.0, 0
counter 1605, 1.0, 0
counter 1606, 0.0, 0
counter 1607, 1.0, 1
counter 1608, 1.0, 0
counter 1609, 1.0, 1
counter 1610, 1.0, 1
counter 1611, 0.0, 0
counter 1612, 1.0, 1
counter 1613, 1.0, 0
counter 1614, 0.0, 0
counter 1615, 1.0, 1
counter 1616, 1.0, 1
counter 1617, 0.0, 0
counter 1618, 0.0, 0
counter 1619, 1.0, 1
counter 1620, 0.0, 0
counter 1621, 1.0, 0
counter 1622, 1.0, 0
counter 1623, 0.0, 0
counter 1624, 1.0, 1
counter 1625, 1.0, 0
counter 1626, 0.0, 0
counter 1627, 1.0, 1
counter 1628, 1.0, 1
counter 1629, 0.0, 1
counter 1630, 1.0, 1
counter 1631, 0.0, 1
counter 1632, 0.0, 0
counter 1633, 1.0, 1
counter 1634, 1.0, 1
counter 1635, 0.0, 1
counter 1636, 1.0, 1
counter 1637, 0.0, 1
counter 1638, 1.0, 0
counter 1639, 1.0, 1
counter 1640, 0.0, 0
counter 1641, 1.0, 0
counter 1642, 0.0, 1
counter 1643, 0.0, 1
counter 1644, 0.0, 1
counter 1645, 0.0, 0
counter 1646, 0.0, 0
counter 1647, 1.0, 0
counter 1648, 1.0, 1
counter 1649, 1.0, 1
counter 1650, 1.0, 0
counter 1651, 0.0, 0
counter 1652, 1.0, 1
counter 1653, 1.0, 0
counter 1654, 1.0, 1
counter 1655, 0.0, 1
counter 1656, 0.0, 0
counter 1657, 0.0, 1
counter 1658, 0.0, 1
counter 1659, 0.0, 0
counter 1660, 1.0, 0
counter 1661, 1.0, 0
counter 1662, 1.0, 1
counter 1663, 1.0, 0
counter 1664, 1.0, 1
counter 1665, 0.0, 1
counter 1666, 1.0, 1
counter 1667, 0.0, 0
counter 1668, 0.0, 1
counter 1669, 0.0, 1
counter 1670, 1.0, 1
counter 1671, 1.0, 1
counter 1672, 1.0, 1
counter 1673, 0.0, 1
counter 1674, 0.0, 0
counter 1675, 0.0, 1
counter 1676, 1.0, 1
counter 1677, 1.0, 0
counter 1678, 1.0, 1
counter 1679, 0.0, 1
counter 1680, 1.0, 0
counter 1681, 1.0, 0
counter 1682, 0.0, 1
counter 1683, 1.0, 0
counter 1684, 1.0, 1
counter 1685, 1.0, 0
counter 1686, 0.0, 0
counter 1687, 1.0, 0
counter 1688, 0.0, 1
counter 1689, 1.0, 1
counter 1690, 1.0, 0
counter 1691, 0.0, 1
counter 1692, 1.0, 1
counter 1693, 0.0, 0
counter 1694, 0.0, 0
counter 1695, 1.0, 0
counter 1696, 0.0, 1
counter 1697, 1.0, 0
counter 1698, 1.0, 1
counter 1699, 1.0, 0
counter 1700, 1.0, 0
counter 1701, 1.0, 0
counter 1702, 1.0, 1
counter 1703, 1.0, 1
counter 1704, 1.0, 0
counter 1705, 0.0, 0
counter 1706, 1.0, 0
counter 1707, 1.0, 1
counter 1708, 0.0, 0
counter 1709, 1.0, 1
counter 1710, 1.0, 1
counter 1711, 0.0, 1
counter 1712, 0.0, 1
counter 1713, 0.0, 0
counter 1714, 0.0, 1
counter 1715, 1.0, 0
counter 1716, 1.0, 0
counter 1717, 0.0, 1
counter 1718, 1.0, 0
counter 1719, 1.0, 0
counter 1720, 1.0, 1
counter 1721, 0.0, 1
counter 1722, 0.0, 0
counter 1723, 1.0, 1
counter 1724, 0.0, 1
counter 1725, 0.0, 0
counter 1726, 1.0, 1
counter 1727, 0.0, 1
counter 1728, 1.0, 0
counter 1729, 1.0, 1
counter 1730, 0.0, 0
counter 1731, 1.0, 1
counter 1732, 0.0, 1
counter 1733, 1.0, 0
counter 1734, 1.0, 0
counter 1735, 1.0, 1
counter 1736, 0.0, 1
counter 1737, 0.0, 1
counter 1738, 1.0, 1
counter 1739, 1.0, 1
counter 1740, 1.0, 1
counter 1741, 0.0, 0
counter 1742, 1.0, 0
counter 1743, 0.0, 0
counter 1744, 0.0, 0
counter 1745, 0.0, 1
counter 1746, 0.0, 0
counter 1747, 0.0, 0
counter 1748, 0.0, 0
counter 1749, 1.0, 0
counter 1750, 0.0, 1
counter 1751, 0.0, 1
counter 1752, 1.0, 0
counter 1753, 0.0, 1
counter 1754, 1.0, 0
counter 1755, 1.0, 1
counter 1756, 1.0, 0
counter 1757, 1.0, 1
counter 1758, 0.0, 0
counter 1759, 1.0, 1
counter 1760, 1.0, 0
counter 1761, 1.0, 0
counter 1762, 1.0, 1
counter 1763, 1.0, 0
counter 1764, 1.0, 1
counter 1765, 0.0, 1
counter 1766, 0.0, 1
counter 1767, 1.0, 0
counter 1768, 1.0, 0
counter 1769, 0.0, 0
counter 1770, 1.0, 0
counter 1771, 1.0, 1
counter 1772, 1.0, 1
counter 1773, 1.0, 0
counter 1774, 0.0, 0
counter 1775, 0.0, 1
counter 1776, 0.0, 1
counter 1777, 1.0, 1
counter 1778, 1.0, 1
counter 1779, 0.0, 0
counter 1780, 1.0, 0
counter 1781, 1.0, 0
counter 1782, 0.0, 0
counter 1783, 1.0, 0
counter 1784, 0.0, 0
counter 1785, 1.0, 0
counter 1786, 1.0, 1
counter 1787, 1.0, 1
counter 1788, 0.0, 1
counter 1789, 1.0, 1
counter 1790, 0.0, 1
counter 1791, 0.0, 0
counter 1792, 1.0, 1
counter 1793, 1.0, 0
counter 1794, 1.0, 1
counter 1795, 0.0, 1
counter 1796, 0.0, 1
counter 1797, 0.0, 1
counter 1798, 0.0, 0
counter 1799, 0.0, 0
counter 1800, 1.0, 1
counter 1801, 1.0, 1
counter 1802, 1.0, 1
counter 1803, 1.0, 1
counter 1804, 1.0, 1
counter 1805, 1.0, 0
counter 1806, 1.0, 1
counter 1807, 1.0, 1
counter 1808, 1.0, 0
counter 1809, 1.0, 0
counter 1810, 1.0, 1
counter 1811, 0.0, 0
counter 1812, 1.0, 1
counter 1813, 1.0, 0
counter 1814, 0.0, 1
counter 1815, 0.0, 1
counter 1816, 1.0, 0
counter 1817, 1.0, 1
counter 1818, 1.0, 1
counter 1819, 0.0, 1
counter 1820, 0.0, 0
counter 1821, 1.0, 1
counter 1822, 0.0, 0
counter 1823, 1.0, 0
counter 1824, 1.0, 0
counter 1825, 0.0, 1
counter 1826, 1.0, 0
counter 1827, 1.0, 1
counter 1828, 0.0, 1
counter 1829, 0.0, 1
counter 1830, 1.0, 0
counter 1831, 1.0, 1
counter 1832, 1.0, 0
counter 1833, 0.0, 0
counter 1834, 1.0, 1
counter 1835, 1.0, 0
counter 1836, 1.0, 1
counter 1837, 0.0, 0
counter 1838, 1.0, 0
counter 1839, 1.0, 0
counter 1840, 1.0, 1
counter 1841, 1.0, 0
counter 1842, 1.0, 0
counter 1843, 1.0, 1
counter 1844, 1.0, 0
counter 1845, 0.0, 1
counter 1846, 1.0, 1
counter 1847, 0.0, 0
counter 1848, 0.0, 0
counter 1849, 0.0, 0
counter 1850, 1.0, 0
counter 1851, 0.0, 1
counter 1852, 1.0, 1
counter 1853, 1.0, 0
counter 1854, 0.0, 1
counter 1855, 1.0, 0
counter 1856, 0.0, 1
counter 1857, 0.0, 0
counter 1858, 1.0, 1
counter 1859, 1.0, 0
counter 1860, 0.0, 0
counter 1861, 0.0, 1
counter 1862, 1.0, 0
counter 1863, 1.0, 0
counter 1864, 1.0, 1
counter 1865, 1.0, 0
counter 1866, 1.0, 1
counter 1867, 0.0, 0
counter 1868, 0.0, 0
counter 1869, 1.0, 0
counter 1870, 0.0, 0
counter 1871, 1.0, 1
counter 1872, 1.0, 0
counter 1873, 1.0, 0
counter 1874, 1.0, 1
counter 1875, 1.0, 1
counter 1876, 0.0, 1
counter 1877, 0.0, 0
counter 1878, 1.0, 0
counter 1879, 0.0, 1
counter 1880, 0.0, 0
counter 1881, 0.0, 0
counter 1882, 1.0, 1
counter 1883, 1.0, 1
counter 1884, 1.0, 0
counter 1885, 1.0, 0
counter 1886, 0.0, 1
counter 1887, 0.0, 1
counter 1888, 0.0, 1
counter 1889, 1.0, 0
counter 1890, 0.0, 1
counter 1891, 1.0, 0
counter 1892, 1.0, 0
counter 1893, 1.0, 0
counter 1894, 1.0, 0
counter 1895, 1.0, 1
counter 1896, 0.0, 1
counter 1897, 1.0, 1
counter 1898, 1.0, 0
counter 1899, 0.0, 1
counter 1900, 1.0, 1
counter 1901, 0.0, 0
counter 1902, 1.0, 1
counter 1903, 0.0, 1
counter 1904, 0.0, 0
counter 1905, 1.0, 0
counter 1906, 0.0, 0
counter 1907, 1.0, 0
counter 1908, 1.0, 0
counter 1909, 1.0, 1
counter 1910, 0.0, 1
counter 1911, 1.0, 1
counter 1912, 1.0, 0
counter 1913, 0.0, 0
counter 1914, 1.0, 1
counter 1915, 1.0, 0
counter 1916, 1.0, 1
counter 1917, 1.0, 1
counter 1918, 1.0, 0
counter 1919, 0.0, 0
counter 1920, 1.0, 1
counter 1921, 0.0, 0
counter 1922, 1.0, 0
counter 1923, 0.0, 0
counter 1924, 0.0, 0
counter 1925, 1.0, 0
counter 1926, 0.0, 1
counter 1927, 0.0, 1
counter 1928, 1.0, 0
counter 1929, 0.0, 1
counter 1930, 1.0, 1
counter 1931, 1.0, 0
counter 1932, 1.0, 0
counter 1933, 0.0, 1
counter 1934, 1.0, 0
counter 1935, 0.0, 0
counter 1936, 0.0, 0
counter 1937, 1.0, 0
counter 1938, 1.0, 1
counter 1939, 0.0, 1
counter 1940, 1.0, 1
counter 1941, 1.0, 0
counter 1942, 0.0, 0
counter 1943, 1.0, 1
counter 1944, 0.0, 1
counter 1945, 1.0, 1
counter 1946, 0.0, 1
counter 1947, 1.0, 1
counter 1948, 1.0, 1
counter 1949, 1.0, 0
counter 1950, 0.0, 0
counter 1951, 0.0, 1
counter 1952, 1.0, 1
counter 1953, 1.0, 0
counter 1954, 1.0, 0
counter 1955, 1.0, 0
counter 1956, 0.0, 0
counter 1957, 1.0, 0
counter 1958, 0.0, 0
counter 1959, 1.0, 1
counter 1960, 1.0, 1
counter 1961, 0.0, 1
counter 1962, 1.0, 1
counter 1963, 0.0, 0
counter 1964, 1.0, 0
counter 1965, 1.0, 0
counter 1966, 1.0, 0
counter 1967, 1.0, 0
counter 1968, 1.0, 1
counter 1969, 1.0, 0
counter 1970, 0.0, 0
counter 1971, 1.0, 1
counter 1972, 1.0, 1
counter 1973, 1.0, 0
counter 1974, 0.0, 0
counter 1975, 1.0, 0
counter 1976, 1.0, 1
counter 1977, 1.0, 1
counter 1978, 1.0, 1
counter 1979, 1.0, 0
counter 1980, 0.0, 1
counter 1981, 1.0, 1
counter 1982, 1.0, 1
counter 1983, 0.0, 0
counter 1984, 0.0, 0
counter 1985, 1.0, 1
counter 1986, 1.0, 1
counter 1987, 0.0, 0
counter 1988, 1.0, 0
counter 1989, 0.0, 0
counter 1990, 0.0, 0
counter 1991, 1.0, 0
counter 1992, 1.0, 0
counter 1993, 1.0, 0
counter 1994, 1.0, 0
counter 1995, 1.0, 0
counter 1996, 1.0, 0
counter 1997, 0.0, 1
counter 1998, 0.0, 0
counter 1999, 0.0, 1
counter 2000, 0.0, 0
counter 2001, 1.0, 1
counter 2002, 1.0, 1
counter 2003, 1.0, 0
counter 2004, 1.0, 0
counter 2005, 1.0, 1
counter 2006, 1.0, 1
counter 2007, 0.0, 0
counter 2008, 1.0, 0
counter 2009, 0.0, 0
counter 2010, 0.0, 1
counter 2011, 0.0, 1
counter 2012, 0.0, 1
counter 2013, 1.0, 0
counter 2014, 1.0, 1
counter 2015, 0.0, 0
counter 2016, 0.0, 0
counter 2017, 1.0, 1
counter 2018, 0.0, 1
counter 2019, 1.0, 0
counter 2020, 0.0, 1
counter 2021, 0.0, 1
counter 2022, 0.0, 1
counter 2023, 1.0, 0
counter 2024, 1.0, 0
counter 2025, 1.0, 1
counter 2026, 0.0, 0
counter 2027, 0.0, 1
counter 2028, 0.0, 0
counter 2029, 0.0, 1
counter 2030, 1.0, 1
counter 2031, 1.0, 1
counter 2032, 0.0, 1
counter 2033, 1.0, 0
counter 2034, 1.0, 1
counter 2035, 1.0, 0
counter 2036, 1.0, 0
counter 2037, 0.0, 0
counter 2038, 1.0, 0
counter 2039, 1.0, 0
counter 2040, 1.0, 1
counter 2041, 1.0, 1
counter 2042, 0.0, 1
counter 2043, 0.0, 1
counter 2044, 1.0, 0
counter 2045, 0.0, 0
counter 2046, 1.0, 0
counter 2047, 1.0, 0
counter 2048, 1.0, 0
counter 2049, 1.0, 0
counter 2050, 1.0, 0
counter 2051, 0.0, 1
counter 2052, 0.0, 1
counter 2053, 1.0, 1
counter 2054, 1.0, 1
counter 2055, 0.0, 0
counter 2056, 1.0, 0
counter 2057, 1.0, 0
counter 2058, 1.0, 1
counter 2059, 1.0, 0
counter 2060, 0.0, 0
counter 2061, 1.0, 1
counter 2062, 0.0, 1
counter 2063, 1.0, 1
counter 2064, 1.0, 0
counter 2065, 1.0, 0
counter 2066, 1.0, 0
counter 2067, 0.0, 0
counter 2068, 0.0, 1
counter 2069, 0.0, 0
counter 2070, 1.0, 0
counter 2071, 1.0, 0
counter 2072, 1.0, 0
counter 2073, 1.0, 1
counter 2074, 0.0, 1
counter 2075, 1.0, 0
counter 2076, 1.0, 1
counter 2077, 1.0, 1
counter 2078, 1.0, 1
counter 2079, 0.0, 1
counter 2080, 1.0, 0
counter 2081, 1.0, 0
counter 2082, 1.0, 1
counter 2083, 1.0, 1
counter 2084, 1.0, 0
counter 2085, 0.0, 0
counter 2086, 1.0, 0
counter 2087, 0.0, 0
counter 2088, 0.0, 0
counter 2089, 1.0, 0
counter 2090, 1.0, 1
counter 2091, 1.0, 0
counter 2092, 1.0, 1
counter 2093, 1.0, 0
counter 2094, 1.0, 0
counter 2095, 1.0, 1
counter 2096, 1.0, 1
counter 2097, 0.0, 0
counter 2098, 0.0, 0
counter 2099, 0.0, 0
counter 2100, 1.0, 1
counter 2101, 1.0, 1
counter 2102, 1.0, 1
counter 2103, 1.0, 1
counter 2104, 1.0, 0
counter 2105, 1.0, 0
counter 2106, 0.0, 0
counter 2107, 0.0, 0
counter 2108, 1.0, 0
counter 2109, 1.0, 0
counter 2110, 1.0, 1
counter 2111, 1.0, 0
counter 2112, 1.0, 0
counter 2113, 1.0, 1
counter 2114, 1.0, 0
counter 2115, 1.0, 1
counter 2116, 1.0, 0
counter 2117, 1.0, 1
counter 2118, 0.0, 1
counter 2119, 1.0, 0
counter 2120, 1.0, 0
counter 2121, 0.0, 1
counter 2122, 1.0, 1
counter 2123, 0.0, 0
counter 2124, 1.0, 0
counter 2125, 1.0, 1
counter 2126, 1.0, 1
counter 2127, 1.0, 0
counter 2128, 0.0, 0
counter 2129, 1.0, 1
counter 2130, 1.0, 1
counter 2131, 1.0, 0
counter 2132, 1.0, 0
counter 2133, 1.0, 1
counter 2134, 1.0, 1
counter 2135, 1.0, 0
counter 2136, 0.0, 1
counter 2137, 1.0, 0
counter 2138, 0.0, 1
counter 2139, 1.0, 1
counter 2140, 1.0, 1
counter 2141, 1.0, 1
counter 2142, 1.0, 1
counter 2143, 0.0, 1
counter 2144, 1.0, 1
counter 2145, 1.0, 1
counter 2146, 1.0, 0
counter 2147, 1.0, 1
counter 2148, 1.0, 0
counter 2149, 0.0, 1
counter 2150, 0.0, 0
counter 2151, 0.0, 1
counter 2152, 1.0, 0
counter 2153, 0.0, 1
counter 2154, 0.0, 1
counter 2155, 1.0, 0
counter 2156, 0.0, 0
counter 2157, 1.0, 1
counter 2158, 1.0, 0
counter 2159, 1.0, 1
counter 2160, 1.0, 1
counter 2161, 1.0, 1
counter 2162, 1.0, 0
counter 2163, 1.0, 0
counter 2164, 1.0, 0
counter 2165, 0.0, 0
counter 2166, 1.0, 0
counter 2167, 0.0, 1
counter 2168, 1.0, 1
counter 2169, 1.0, 0
counter 2170, 0.0, 1
counter 2171, 1.0, 0
counter 2172, 1.0, 1
counter 2173, 1.0, 1
counter 2174, 1.0, 1
counter 2175, 1.0, 0
counter 2176, 0.0, 1
counter 2177, 0.0, 1
counter 2178, 0.0, 1
counter 2179, 0.0, 0
counter 2180, 0.0, 1
counter 2181, 0.0, 0
counter 2182, 0.0, 0
counter 2183, 0.0, 1
counter 2184, 1.0, 1
counter 2185, 1.0, 1
counter 2186, 0.0, 1
counter 2187, 1.0, 1
counter 2188, 0.0, 0
counter 2189, 0.0, 1
counter 2190, 1.0, 1
counter 2191, 0.0, 0
counter 2192, 0.0, 1
counter 2193, 1.0, 0
counter 2194, 0.0, 0
counter 2195, 0.0, 1
counter 2196, 1.0, 0
counter 2197, 0.0, 0
counter 2198, 1.0, 1
counter 2199, 1.0, 1
counter 2200, 0.0, 0
counter 2201, 1.0, 0
counter 2202, 0.0, 0
counter 2203, 1.0, 0
counter 2204, 1.0, 1
counter 2205, 1.0, 1
counter 2206, 1.0, 1
counter 2207, 1.0, 1
counter 2208, 1.0, 0
counter 2209, 0.0, 0
counter 2210, 1.0, 0
counter 2211, 1.0, 1
counter 2212, 1.0, 0
counter 2213, 0.0, 1
counter 2214, 0.0, 0
counter 2215, 0.0, 1
counter 2216, 1.0, 0
counter 2217, 1.0, 1
counter 2218, 0.0, 1
counter 2219, 0.0, 0
counter 2220, 1.0, 0
counter 2221, 1.0, 0
counter 2222, 1.0, 1
counter 2223, 0.0, 1
counter 2224, 1.0, 0
counter 2225, 1.0, 0
counter 2226, 0.0, 0
counter 2227, 1.0, 0
counter 2228, 1.0, 1
counter 2229, 1.0, 1
counter 2230, 1.0, 0
counter 2231, 1.0, 1
counter 2232, 1.0, 1
counter 2233, 1.0, 0
counter 2234, 0.0, 0
counter 2235, 0.0, 1
counter 2236, 1.0, 1
counter 2237, 0.0, 0
counter 2238, 0.0, 0
counter 2239, 0.0, 0
counter 2240, 1.0, 0
counter 2241, 1.0, 1
counter 2242, 0.0, 1
counter 2243, 1.0, 0
counter 2244, 1.0, 0
counter 2245, 1.0, 1
counter 2246, 0.0, 1
counter 2247, 1.0, 0
counter 2248, 1.0, 0
counter 2249, 0.0, 0
counter 2250, 1.0, 1
counter 2251, 1.0, 0
counter 2252, 0.0, 0
counter 2253, 0.0, 0
counter 2254, 0.0, 0
counter 2255, 1.0, 0
counter 2256, 0.0, 0
counter 2257, 1.0, 0
counter 2258, 1.0, 0
counter 2259, 1.0, 0
counter 2260, 1.0, 0
counter 2261, 0.0, 1
counter 2262, 1.0, 0
counter 2263, 1.0, 0
counter 2264, 1.0, 0
counter 2265, 1.0, 0
counter 2266, 1.0, 0
counter 2267, 1.0, 1
counter 2268, 1.0, 1
counter 2269, 1.0, 1
counter 2270, 0.0, 1
counter 2271, 1.0, 0
counter 2272, 0.0, 0
counter 2273, 0.0, 1
counter 2274, 1.0, 1
counter 2275, 1.0, 1
counter 2276, 1.0, 0
counter 2277, 1.0, 0
counter 2278, 1.0, 0
counter 2279, 1.0, 0
counter 2280, 1.0, 1
counter 2281, 0.0, 0
counter 2282, 1.0, 1
counter 2283, 1.0, 0
counter 2284, 1.0, 0
counter 2285, 0.0, 0
counter 2286, 0.0, 0
counter 2287, 1.0, 0
counter 2288, 1.0, 1
counter 2289, 1.0, 0
counter 2290, 1.0, 0
counter 2291, 1.0, 0
counter 2292, 1.0, 0
counter 2293, 0.0, 0
counter 2294, 1.0, 0
counter 2295, 1.0, 1
counter 2296, 0.0, 0
counter 2297, 0.0, 0
counter 2298, 1.0, 1
counter 2299, 1.0, 0
counter 2300, 0.0, 1
counter 2301, 0.0, 1
counter 2302, 1.0, 1
counter 2303, 1.0, 1
counter 2304, 1.0, 1
counter 2305, 0.0, 1
counter 2306, 1.0, 1
counter 2307, 0.0, 0
counter 2308, 1.0, 0
counter 2309, 0.0, 1
counter 2310, 1.0, 0
counter 2311, 1.0, 0
counter 2312, 0.0, 0
counter 2313, 1.0, 1
counter 2314, 0.0, 0
counter 2315, 1.0, 0
counter 2316, 1.0, 1
counter 2317, 1.0, 1
counter 2318, 1.0, 1
counter 2319, 0.0, 0
counter 2320, 0.0, 1
counter 2321, 1.0, 0
counter 2322, 0.0, 0
counter 2323, 1.0, 0
counter 2324, 0.0, 0
counter 2325, 0.0, 1
counter 2326, 0.0, 0
counter 2327, 1.0, 1
counter 2328, 1.0, 1
counter 2329, 1.0, 1
counter 2330, 1.0, 0
counter 2331, 1.0, 0
counter 2332, 1.0, 0
counter 2333, 1.0, 0
counter 2334, 1.0, 1
counter 2335, 1.0, 1
counter 2336, 1.0, 0
counter 2337, 0.0, 0
counter 2338, 1.0, 1
counter 2339, 1.0, 0
counter 2340, 1.0, 0
counter 2341, 1.0, 0
counter 2342, 1.0, 0
counter 2343, 0.0, 1
counter 2344, 1.0, 0
counter 2345, 1.0, 0
counter 2346, 0.0, 1
counter 2347, 0.0, 0
counter 2348, 1.0, 0
counter 2349, 1.0, 0
counter 2350, 1.0, 0
counter 2351, 0.0, 1
counter 2352, 0.0, 1
counter 2353, 1.0, 0
counter 2354, 1.0, 0
counter 2355, 1.0, 1
counter 2356, 1.0, 0
counter 2357, 0.0, 0
counter 2358, 1.0, 1
counter 2359, 1.0, 1
counter 2360, 0.0, 1
counter 2361, 1.0, 0
counter 2362, 1.0, 0
counter 2363, 0.0, 1
counter 2364, 0.0, 0
counter 2365, 0.0, 0
counter 2366, 0.0, 1
counter 2367, 0.0, 1
counter 2368, 0.0, 1
counter 2369, 1.0, 0
counter 2370, 0.0, 1
counter 2371, 0.0, 1
counter 2372, 1.0, 1
counter 2373, 0.0, 0
counter 2374, 0.0, 0
counter 2375, 1.0, 1
counter 2376, 1.0, 0
counter 2377, 1.0, 1
counter 2378, 1.0, 1
counter 2379, 0.0, 1
counter 2380, 0.0, 1
counter 2381, 1.0, 1
counter 2382, 0.0, 0
counter 2383, 1.0, 0
counter 2384, 0.0, 1
counter 2385, 1.0, 1
counter 2386, 1.0, 0
counter 2387, 1.0, 1
counter 2388, 1.0, 0
counter 2389, 0.0, 0
counter 2390, 0.0, 0
counter 2391, 1.0, 0
counter 2392, 1.0, 1
counter 2393, 1.0, 1
counter 2394, 1.0, 0
counter 2395, 1.0, 0
counter 2396, 1.0, 1
counter 2397, 1.0, 0
counter 2398, 0.0, 0
counter 2399, 1.0, 1
counter 2400, 1.0, 1
counter 2401, 0.0, 0
counter 2402, 0.0, 0
counter 2403, 0.0, 1
counter 2404, 1.0, 0
counter 2405, 1.0, 1
counter 2406, 1.0, 0
counter 2407, 1.0, 0
counter 2408, 1.0, 0
counter 2409, 1.0, 0
counter 2410, 1.0, 0
counter 2411, 1.0, 0
counter 2412, 1.0, 1
counter 2413, 1.0, 0
counter 2414, 1.0, 1
counter 2415, 0.0, 0
counter 2416, 0.0, 1
counter 2417, 0.0, 0
counter 2418, 0.0, 1
counter 2419, 0.0, 1
counter 2420, 1.0, 1
counter 2421, 0.0, 0
counter 2422, 1.0, 0
counter 2423, 0.0, 0
counter 2424, 1.0, 0
counter 2425, 0.0, 0
counter 2426, 1.0, 1
counter 2427, 1.0, 1
counter 2428, 1.0, 0
counter 2429, 1.0, 1
counter 2430, 1.0, 1
counter 2431, 1.0, 1
counter 2432, 1.0, 0
counter 2433, 0.0, 0
counter 2434, 1.0, 1
counter 2435, 1.0, 1
counter 2436, 1.0, 1
counter 2437, 1.0, 1
counter 2438, 1.0, 1
counter 2439, 0.0, 0
counter 2440, 1.0, 1
counter 2441, 0.0, 0
counter 2442, 1.0, 0
counter 2443, 1.0, 0
counter 2444, 1.0, 1
counter 2445, 1.0, 0
counter 2446, 1.0, 1
counter 2447, 1.0, 0
counter 2448, 1.0, 1
counter 2449, 0.0, 0
counter 2450, 0.0, 0
counter 2451, 1.0, 0
counter 2452, 1.0, 1
counter 2453, 0.0, 0
counter 2454, 1.0, 0
counter 2455, 1.0, 1
counter 2456, 1.0, 0
counter 2457, 1.0, 0
counter 2458, 1.0, 0
counter 2459, 1.0, 0
counter 2460, 1.0, 1
counter 2461, 1.0, 0
counter 2462, 1.0, 1
counter 2463, 1.0, 1
counter 2464, 1.0, 1
counter 2465, 0.0, 1
counter 2466, 1.0, 1
counter 2467, 0.0, 1
counter 2468, 0.0, 1
counter 2469, 0.0, 0
counter 2470, 1.0, 1
counter 2471, 1.0, 0
counter 2472, 1.0, 0
counter 2473, 1.0, 0
counter 2474, 1.0, 0
counter 2475, 0.0, 0
counter 2476, 1.0, 0
counter 2477, 1.0, 0
counter 2478, 1.0, 0
counter 2479, 1.0, 0
counter 2480, 0.0, 1
counter 2481, 1.0, 0
counter 2482, 1.0, 1
counter 2483, 1.0, 1
counter 2484, 1.0, 1
counter 2485, 1.0, 1
counter 2486, 1.0, 1
counter 2487, 0.0, 0
counter 2488, 0.0, 1
counter 2489, 1.0, 1
counter 2490, 0.0, 1
counter 2491, 1.0, 1
counter 2492, 1.0, 1
counter 2493, 1.0, 0
counter 2494, 1.0, 0
counter 2495, 1.0, 0
counter 2496, 1.0, 0
counter 2497, 1.0, 1
counter 2498, 0.0, 1
counter 2499, 1.0, 0
Total accuracy: 0.498